Emails, Result
vAPvfLkKIy@gmail.com, Probably in the DB
rzVtSVufOnDct@aol.com, Probably in the DB
rqIGBgwWAkfds@aol.com, Probably in the DB
ESChDqHh@hotmail.com, Probably in the DB
XzJFqjiJzVwgcFFezfFF@upr.edu, Probably in the DB
WLjxfhBkAUiPjP@aol.com, Probably in the DB
yLrrAdBLzmkcPyEROAFF@yahoo.com, Probably in the DB
CQXLogJrNyRgAhqPyLL@gmail.com, Probably in the DB
Ranckdjwo, Not in the DB
Perosndbjjsxk, Probably in the DB
Rancorucutcjhgy@gmail.com, Probably in the DB
namesNstuff, Not in the DB
PerusonaIzanagi@aol.com, Probably in the DB
6SSEMRLINI, Not in the DB
ibJL4zo584, Probably in the DB
9pIPEWtdri, Probably in the DB
HHnmncs5sc, Not in the DB
lW6nsQixSo, Probably in the DB
kHMDrBGzSp, Not in the DB
YpaSuHILIt, Probably in the DB
jXvwq0N5pf, Not in the DB
LdXhb4HS4t, Probably in the DB
VC4Gvh5tbT, Probably in the DB
